{"cameraMode":{"drawMode":0,"name":"Shaded","section":"Shading Mode"},"sceneLighting":true,"audioPlay":false,"sceneViewState":{"m_AlwaysRefresh":false,"showFog":true,"showSkybox":true,"showFlares":true,"showImageEffects":true,"showParticleSystems":true,"showVisualEffectGraphs":true,"m_FxEnabled":true},"in2DMode":false,"pivot":{"x":14.689155578613282,"y":-1.9305102825164796,"z":-4.370021820068359},"rotation":{"x":0.046317633241415027,"y":0.8982632160186768,"z":-0.09767262637615204,"w":0.42596107721328738},"size":13.259293556213379,"orthographic":false}