{"cameraMode":{"drawMode":0,"name":"Shaded","section":"Shading Mode"},"sceneLighting":true,"audioPlay":false,"sceneViewState":{"m_AlwaysRefresh":false,"showFog":true,"showSkybox":true,"showFlares":true,"showImageEffects":true,"showParticleSystems":true,"showVisualEffectGraphs":true,"m_FxEnabled":true},"in2DMode":false,"pivot":{"x":0.7647894620895386,"y":4.1434431076049809,"z":7.537516117095947},"rotation":{"x":0.01863994263112545,"y":0.9066151976585388,"z":-0.4196500778198242,"w":0.04028251767158508},"size":3.9130499362945558,"orthographic":false}